shape_id,imagen,n_pixeles,mean_rvi,std_rvi,min_rvi,max_rvi,class_value,class_label,prop_soja,prop_maiz,prop_trigo,prop_rastrojo,prop_pastizal,mean_ssmh,std_ssmh,min_ssmh,max_ssmh,median_ssmw,std_ssmw,min_ssmw,max_ssmw,fenologia,dss,fecha
R1,20240224104842,197,0.58607155,0.076255806,0.39778948,0.7959649,1.0,soja,0.9764705882352941,0.0,0.0,0.0,0.023529411764705882,35.2,2.978026,25.6,43.243015,1.0005512,0.07866292,0.455,1.0462422,R6-R8,29.0,2024-02-24 10:48:42
R1,20240412104852,203,0.625023,0.09686028,0.42285565,0.8627978,1.0,soja,0.975609756097561,0.0,0.0,0.0,0.024390243902439025,38.270687,3.691416,27.328785,44.28227,1.0032076,0.08592658,0.401,1.0700182,R6-R8,30.0,2024-04-12 10:48:52
R1,20240530104851,203,0.0977583,0.07857014,0.07149757,0.42029423,2.0,rastrojo,0.0,0.0,0.0,0.9708029197080292,0.029197080291970802,37.81284,7.358721,16.46612,45.0,0.07914762,0.15827967,0.011340276,0.8625387,Alt : 0.05,25.0,2024-05-30 10:48:51
R1,20240717104848,203,0.0799314,0.06793283,0.045045137,0.31805483,2.0,rastrojo,0.0,0.0,0.0,0.9420289855072463,0.057971014492753624,33.379562,6.089145,15.0,45.0,0.063628554,0.1560747,0.012578379,0.98065543,Alt : 0.05,22.0,2024-07-17 10:48:48
R1,20241021104852,204,0.11640373,0.101131976,0.065851375,0.5566741,2.0,rastrojo,0.0,0.0,0.08461538461538462,0.8769230769230769,0.038461538461538464,31.68607,8.283599,15.0,45.0,0.17449495,0.34999228,0.012026748,1.492,Alt : 0.05,23.0,2024-10-21 10:48:52
R1,20241119103913,199,0.16729529,0.074555546,0.053956404,0.50785273,2.0,rastrojo,0.0,0.0,0.0,0.9820359281437125,0.017964071856287425,17.512224,6.8615913,7.7771077,39.07285,0.036334187,0.11655714,0.012899984,0.95833325,Alt : 0.05,27.0,2024-11-19 10:39:13
R1,20241208104848,203,0.18594764,0.07699121,0.1178678,0.47810447,3.0,rastrojo,0.0,0.16666666666666666,0.0,0.8076923076923077,0.02564102564102564,36.16809,9.156614,7.867162,44.81769,0.47370154,0.8894747,0.01285038,3.2104883,Alt : 0.05,29.0,2024-12-08 10:48:48
R1,20250125104846,203,0.4088524,0.08344581,0.23882529,0.77195007,2.0,maiz,0.0,0.9751552795031055,0.0,0.0,0.024844720496894408,18.423449,4.158387,8.010148,32.8,3.1425898,0.52898514,0.383,4.3026524,R1-R3,27.0,2025-01-25 10:48:46
R1,20250314104848,203,0.41282433,0.10720669,0.27622876,0.82538563,1.0,soja,0.9759036144578314,0.0,0.0,0.0,0.024096385542168676,31.4,4.126576,23.051447,41.721794,0.9909483,0.07990407,0.458,1.0606499,R6-R8,30.0,2025-03-14 10:48:48
R1,20250501104843,200,0.114985205,0.1550179,0.05502397,0.7293514,2.0,rastrojo,0.0,0.0,0.0,0.9759036144578314,0.024096385542168676,37.71193,3.9723458,18.584587,45.0,0.077916525,0.18282847,0.011594895,0.9426552,Alt : 0.05,26.0,2025-05-01 10:48:43
R1,20250805104843,185,0.077606596,0.1265444,0.043916807,0.57874036,2.0,rastrojo,0.0,0.0,0.0,0.9726027397260274,0.0273972602739726,27.555334,5.8311076,15.964191,45.0,0.16221413,0.28754127,0.010940251,0.95301735,Alt : 0.04,22.0,2025-08-05 10:48:43
R1,20250922104848,203,0.108737625,0.10918125,0.06845708,0.6717571,2.0,rastrojo,0.0,0.0,0.09259259259259259,0.8827160493827161,0.024691358024691357,27.701868,3.572125,22.551687,37.08355,0.057112895,0.10992414,0.013347876,0.426,Alt : 0.04,19.0,2025-09-22 10:48:48
R1,20251101104513,194,0.13134941,0.10529702,0.09680569,0.6950973,2.0,rastrojo,0.0,0.0,0.0,0.9871794871794872,0.01282051282051282,27.294298,3.4715877,17.58432,35.548153,0.02113923,0.048582923,0.011976615,0.422,Alt : 0.04,,2025-11-01 10:45:13
R1,20251109104851,203,0.105105735,0.13385789,0.07072902,0.8575315,2.0,rastrojo,0.0,0.0,0.0,0.9743589743589743,0.02564102564102564,31.832132,3.2065,22.6,38.192818,0.026496517,0.062785774,0.0117150815,0.424,Alt : 0.05,,2025-11-09 10:48:51
R1,20251117104510,203,0.14282805,0.09562735,0.09963477,0.65449864,2.0,rastrojo,0.0,0.0,0.09202453987730061,0.8834355828220859,0.024539877300613498,32.10624,3.5105598,21.5,36.37557,0.16718139,0.4360568,0.0127595635,1.549,Alt : 0.05,,2025-11-17 10:45:10
R1,20251227104850,203,0.16440389,0.1253883,0.08161459,0.8254084,3.0,rastrojo,0.13496932515337423,0.04294478527607362,0.0,0.7975460122699386,0.024539877300613498,25.366852,4.1070304,10.205274,36.313225,0.28447035,0.5943043,0.011505426,3.1204085,Alt : 0.04,29.0,2025-12-27 10:48:50
R1,20260213104844,203,0.06797623,0.08551863,0.039246205,0.51774853,2.0,maiz,0.024539877300613498,0.950920245398773,0.0,0.0,0.024539877300613498,45.0,6.6357226,19.569738,45.0,2.216976,0.51079595,0.122,3.2909405,R4-R5,,2026-02-13 10:48:44
R1,20260309104509,196,0.06881216,0.029480658,0.042986915,0.3243369,2.0,maiz,0.0,0.9754601226993865,0.0,0.0,0.024539877300613498,45.0,1.2695096,28.769215,45.0,2.1650972,0.37287992,0.112,3.6080942,R4-R5,,2026-03-09 10:45:09
R10_16ha,20240412104852,205,0.6413686,0.10140201,0.46375278,1.0532348,1.0,soja,0.8275862068965517,0.009852216748768473,0.0,0.0,0.14285714285714285,34.308994,3.2342582,22.946222,39.832554,1.1798646,1.1486663,0.335,8.149,R6-R8,30.0,2024-04-12 10:48:52
R10_16ha,20240530104851,206,0.3020212,0.224704,0.12837745,0.9612322,2.0,rastrojo,0.0,0.0,0.0,0.8768472906403941,0.12315270935960591,13.540625,8.445205,5.0,38.51773,0.17163599,0.46553472,0.011576484,2.907,Alt : 0.05,25.0,2024-05-30 10:48:51
R10_16ha,20240717104848,48,0.16600323,0.22691317,0.054668292,0.92687124,2.0,rastrojo,0.0,0.0,0.0,1.0,0.0,20.500364,3.9642148,13.786692,29.889242,0.032068618,0.07723146,0.013271566,0.3597281,Alt : 0.05,22.0,2024-07-17 10:48:48
R10_16ha,20241021104852,203,0.34661922,0.21393491,0.123695165,0.9599969,2.0,rastrojo,0.0,0.0,0.08383233532934131,0.8143712574850299,0.10179640718562874,23.777826,5.4071794,14.522868,41.4,0.24883744,0.7011947,0.010386573,7.311,Alt : 0.04,23.0,2024-10-21 10:48:52
R10_16ha,20241119103913,201,0.28186297,0.16154204,0.09165349,0.8137814,2.0,rastrojo,0.0,0.0,0.0,0.8762886597938144,0.12371134020618557,9.5,6.318933,6.165606,35.5,0.09498007,0.3649294,0.013422155,4.736,Alt : 0.05,27.0,2024-11-19 10:39:13
R10_16ha,20250125104846,115,0.3834808,0.1569429,0.25114307,1.0148981,2.0,maiz,0.1686746987951807,0.7951807228915663,0.0,0.0,0.03614457831325301,17.650475,6.7866693,6.204186,38.4,3.2566714,1.3657377,0.422,4.950217,R1-R3,27.0,2025-01-25 10:48:46
R10_16ha,20250314104848,202,0.42693764,0.13977946,0.31320682,0.94192463,1.0,soja,0.8872549019607843,0.0,0.0,0.0,0.11274509803921569,29.72008,3.6555746,19.3,40.96176,0.99638516,0.7163312,0.393,9.039,R6-R8,30.0,2025-03-14 10:48:48
R10_16ha,20251101104513,199,0.10381902,0.22600356,0.03747585,0.95979977,2.0,rastrojo,0.0,0.0,0.0,0.8256410256410256,0.15384615384615385,29.96952,5.229747,13.5,42.5,0.17670114,0.7137007,0.013020079,5.944,Alt : 0.05,,2025-11-01 10:45:13
R10_16ha,20251109104851,202,0.07554382,0.16548243,0.028498553,0.8623824,2.0,rastrojo,0.0,0.0,0.03428571428571429,0.7771428571428571,0.1657142857142857,31.2,9.859482,15.0,45.0,0.31294408,1.0231513,0.01003794,8.019,Alt : 0.14,,2025-11-09 10:48:51
R10_16ha,20251117104510,197,0.094425,0.18259697,0.03613958,0.8388953,1.0,trigo,0.0,0.0,0.49122807017543857,0.38011695906432746,0.1286549707602339,38.005814,7.069818,15.397176,44.886837,0.8218531,0.6724128,0.013596007,1.5460126,<Z50,,2025-11-17 10:45:10
R10_16ha,20251227104850,204,0.18042131,0.24398567,0.07718442,0.90510964,3.0,rastrojo,0.0,0.2107843137254902,0.0,0.6323529411764706,0.13725490196078433,30.14429,5.6172285,10.298952,35.80775,0.5576732,1.1150179,0.0105259605,7.299,Alt : 0.04,29.0,2025-12-27 10:48:50
R10_16ha,20260309104509,198,0.45006615,0.0912327,0.2523894,0.7242763,2.0,maiz,0.0,0.8431372549019608,0.0,0.0,0.13725490196078433,35.640083,3.7632253,28.535097,45.0,3.2686749,1.2237587,0.122,7.896,R4-R5,,2026-03-09 10:45:09
R10_60,20240224104842,266,0.54680204,0.13696058,0.21188095,0.85845596,1.0,soja,0.7111111111111111,0.22666666666666666,0.0,0.0,0.06222222222222222,34.26714,6.422908,12.006841,45.0,1.5708741,0.9951295,0.112,4.1731462,R6-R8,29.0,2024-02-24 10:48:42
R10_60,20240412104852,732,0.5200287,0.10688568,0.29467586,0.97697854,1.0,soja,0.8712328767123287,0.09041095890410959,0.0,0.0,0.031506849315068496,31.52391,5.2543244,10.405402,45.0,1.3457987,0.96399295,0.132,6.668,R6-R8,30.0,2024-04-12 10:48:52
R10_60,20240530104851,732,0.21098152,0.112722464,0.02762503,0.72812665,2.0,rastrojo,0.0,0.03561643835616438,0.0,0.9260273972602739,0.031506849315068496,24.675714,11.144607,5.0,45.0,0.33998314,1.0819535,0.010908888,5.97402,Alt : 0.05,25.0,2024-05-30 10:48:51
R10_60,20240717104848,463,0.21448739,0.13689487,0.028789937,0.76579505,2.0,rastrojo,0.0,0.0,0.0023094688221709007,0.9676674364896074,0.03002309468822171,20.246954,7.180803,5.0057855,45.0,0.04444541,0.11485655,0.011152163,0.88447684,Alt : 0.04,22.0,2024-07-17 10:48:48
R10_60,20241021104852,733,0.21222247,0.103480704,0.032650035,0.74835527,2.0,rastrojo,0.0,0.0,0.01680672268907563,0.9411764705882353,0.03081232492997199,21.804218,4.236832,12.8,41.527817,0.09670957,0.441567,0.01027763,5.043,Alt : 0.04,23.0,2024-10-21 10:48:52
R10_60,20241119103913,728,0.21691254,0.09904731,0.08145351,0.87321687,2.0,rastrojo,0.0,0.0,0.0,0.9575342465753425,0.03561643835616438,11.797976,3.7638814,5.8,35.6,0.07195487,0.511819,0.0131224245,7.65,Alt : 0.05,27.0,2024-11-19 10:39:13
R10_60,20241208104848,258,0.33363068,0.25465855,0.14122257,1.8035914,3.0,rastrojo,0.0,0.06046511627906977,0.0,0.9023255813953488,0.037209302325581395,18.968853,4.5443115,6.4570823,40.1,0.14572984,0.4658352,0.012491822,2.7007577,Alt : 0.05,29.0,2024-12-08 10:48:48
R10_60,20250125104846,556,0.36874986,0.082758404,0.2214171,0.8477629,2.0,maiz,0.011560693641618497,0.9441233140655106,0.0,0.011560693641618497,0.03275529865125241,17.609573,5.5307126,6.222041,32.0,3.6865036,1.192411,0.014786479,6.4616857,R1-R3,27.0,2025-01-25 10:48:46
R10_60,20250314104848,735,0.38619256,0.081061386,0.26187488,0.7441425,1.0,soja,0.9643347050754458,0.0,0.0,0.0,0.03017832647462277,28.550241,3.2581031,14.4,41.787735,1.0047354,0.32918495,0.271,5.909,R6-R8,30.0,2025-03-14 10:48:48
R10_60,20250501104843,66,0.049095858,0.16076922,0.016401513,0.73292965,2.0,rastrojo,0.0,0.0,0.0,0.7962962962962963,0.2037037037037037,29.8,9.571905,15.0,45.0,0.12302819,0.16414204,0.011861713,0.42,Alt : 0.13,26.0,2025-05-01 10:48:43
R10_60,20250922104848,400,0.054087292,0.15063117,0.015422709,0.89524543,2.0,rastrojo,0.0,0.0,0.0,0.963276836158192,0.03672316384180791,27.903496,10.632368,5.2444797,45.0,0.10990934,0.20621723,0.011358367,0.89174867,Alt : 0.15,19.0,2025-09-22 10:48:48
R10_60,20251101104513,735,0.23458615,0.18640123,0.020157138,0.94143677,2.0,rastrojo,0.0,0.0,0.1780250347705146,0.7830319888734353,0.03337969401947149,23.304583,11.487923,6.6732106,43.975494,0.30010727,0.6071124,0.01103346,5.355,Alt : 0.05,,2025-11-01 10:45:13
R10_60,20251109104851,735,0.15710303,0.118079446,0.013665138,0.5661418,2.0,rastrojo,0.0,0.0,0.040584415584415584,0.9188311688311688,0.037337662337662336,25.101002,7.9750957,12.5,45.0,0.13388826,0.44751722,0.010831092,6.131,Alt : 0.04,,2025-11-09 10:48:51
R10_60,20251117104510,735,0.1923968,0.1343518,0.020648519,0.7496539,2.0,rastrojo,0.0,0.0,0.05509641873278237,0.9090909090909091,0.028925619834710745,24.79741,7.4217424,14.393759,45.0,0.15351278,0.45482928,0.0112307845,5.474,Alt : 0.05,,2025-11-17 10:45:10
R10_60,20251227104850,734,0.15589996,0.13768563,0.027744895,0.85670716,3.0,rastrojo,0.01643835616438356,0.08767123287671233,0.0,0.8616438356164383,0.0273972602739726,25.32227,7.9645696,8.907377,45.0,0.19545703,0.5145158,0.010935141,3.5656784,Alt : 0.05,29.0,2025-12-27 10:48:50
R10_60,20260213104844,12,0.33258164,0.1403561,0.166355,0.66315484,3.0,pastizal,0.4,0.0,0.0,0.0,0.6,26.2,2.5350873,23.4,29.6,0.40933335,0.008730527,0.397,0.416,Alt : 0.28,,2026-02-13 10:48:44
R10_60,20260309104509,732,0.4294301,0.06534655,0.20076291,0.6233261,2.0,maiz,0.0821917808219178,0.8835616438356164,0.0,0.0,0.0273972602739726,34.3673,4.342238,22.432034,45.0,3.3776515,0.97762716,0.128,6.993,R4-R5,,2026-03-09 10:45:09
R11,20240224104842,866,0.42048198,0.08201309,0.24441908,0.7716786,2.0,maiz,0.24523809523809523,0.705952380952381,0.0,0.0,0.04880952380952381,31.576273,4.547079,18.375145,43.655804,2.5482962,1.0999522,0.335,3.7689676,R1-R3,29.0,2024-02-24 10:48:42
R11,20240412104852,942,0.53733945,0.090058506,0.31116197,0.8234582,2.0,maiz,0.2402116402116402,0.691005291005291,0.0,0.0,0.06878306878306878,31.067642,5.759,19.650522,44.39903,2.583829,1.2288235,0.311,4.1222105,R1-R3,30.0,2024-04-12 10:48:52
R11,20240530104851,942,0.8525539,0.22068095,0.07598866,1.3162233,2.0,rastrojo,0.0,0.0,0.0,0.9311440677966102,0.06885593220338983,35.06466,3.9493392,19.3,45.0,0.048649807,0.10054833,0.011272974,0.468,Alt : 0.05,25.0,2024-05-30 10:48:51
R11,20240717104848,941,0.5735794,0.1826033,0.05338925,0.9701898,2.0,rastrojo,0.0,0.0,0.0,0.9344790547798066,0.06552094522019335,34.3,7.3778915,12.384781,44.99499,0.044853076,0.10358472,0.011413332,0.59365475,Alt : 0.06,22.0,2024-07-17 10:48:48
R11,20241021104852,940,0.19133994,0.08556967,0.05744193,0.7480702,2.0,rastrojo,0.0,0.0,0.0,0.9226694915254238,0.05614406779661017,24.7,3.2205315,11.9,44.177326,0.06640957,0.28989267,0.010250982,3.5,Alt : 0.04,23.0,2024-10-21 10:48:52
R11,20241119103913,949,0.20141092,0.13888383,0.116112046,0.98411345,2.0,rastrojo,0.0,0.0,0.0,0.9334763948497854,0.06652360515021459,13.909612,3.365853,6.1355634,32.5,0.044667967,0.10284991,0.011941632,0.437,Alt : 0.05,27.0,2024-11-19 10:39:13
R11,20241208104848,854,0.45628494,0.07066729,0.18249103,0.6683286,1.0,soja,0.5883748517200474,0.046263345195729534,0.0,0.2941874258600237,0.04863582443653618,17.322561,6.087877,5.9513164,37.179863,0.70909244,0.59178746,0.014104023,3.5,R1-R3,29.0,2024-12-08 10:48:48
R11,20250125104846,942,0.53107595,0.08999348,0.22837353,0.7464556,2.0,maiz,0.11534391534391535,0.8148148148148148,0.0,0.0010582010582010583,0.06878306878306878,13.4099655,6.9052258,6.266134,36.1,2.9651713,1.1190553,0.014708314,4.5262694,R1-R3,27.0,2025-01-25 10:48:46
R11,20250314104848,943,0.5858844,0.08519065,0.3457558,0.87432635,1.0,soja,0.9373673036093418,0.0,0.0,0.0,0.06263269639065817,32.128746,4.147182,17.2,41.05981,1.0411292,0.1679198,0.435,1.9094763,R6-R8,30.0,2025-03-14 10:48:48
R11,20250501104843,508,0.20577654,0.08326782,0.040468015,0.71932805,2.0,rastrojo,0.0,0.0,0.0,0.9934065934065934,0.006593406593406593,23.421295,7.023866,5.76553,45.0,0.03370126,0.10719597,0.01037322,0.878691,Alt : 0.04,26.0,2025-05-01 10:48:43
R11,20250805104843,57,0.19023037,0.07536017,0.054201048,0.36762452,2.0,rastrojo,0.0,0.0,0.0,1.0,0.0,19.384525,4.769377,9.567199,26.469957,0.050086245,0.13036682,0.012106319,0.59153515,Alt : 0.04,22.0,2025-08-05 10:48:43
R11,20250922104848,917,0.21394953,0.08892922,0.05182051,0.7301688,2.0,rastrojo,0.0,0.0,0.0,0.9323725055432373,0.06762749445676275,18.9,4.863492,8.197899,40.50734,0.050343197,0.11900706,0.010465181,0.7516612,Alt : 0.04,19.0,2025-09-22 10:48:48
R11,20251101104513,949,0.2563618,0.14794834,0.07433815,0.98156136,2.0,rastrojo,0.0,0.0,0.0,0.9362380446333688,0.06376195536663125,16.301434,4.804548,7.404268,32.87137,0.04307303,0.102915995,0.010972348,0.5419112,Alt : 0.05,,2025-11-01 10:45:13
R11,20251109104851,944,0.20036268,0.06660984,0.055058833,0.5943025,2.0,rastrojo,0.0,0.0,0.0,0.934322033898305,0.06567796610169492,23.217834,4.528704,14.792438,45.0,0.052824773,0.12470957,0.010731563,0.98421556,Alt : 0.04,,2025-11-09 10:48:51
R11,20251117104510,956,0.2476639,0.122716635,0.08674912,0.89773417,2.0,rastrojo,0.0,0.0,0.0,0.9223404255319149,0.05425531914893617,22.737778,3.8092427,12.1,38.6,0.17496207,0.8609653,0.010818805,6.239,Alt : 0.05,,2025-11-17 10:45:10
R11,20251227104850,944,0.24458496,0.07658455,0.10335109,0.61993104,3.0,rastrojo,0.07733050847457627,0.04766949152542373,0.0,0.8103813559322034,0.0646186440677966,20.39643,4.7660503,10.8,38.38767,0.18451273,0.4047582,0.01015773,2.5598958,Alt : 0.05,29.0,2025-12-27 10:48:50
R11,20260213104844,272,0.1837765,0.046802714,0.08988454,0.37368792,1.0,soja,0.6973684210526315,0.2894736842105263,0.0,0.0,0.013157894736842105,31.550861,5.126118,7.7943954,45.0,1.3865756,0.69081867,0.388,2.9887,R1-R3,,2026-02-13 10:48:44
R11,20260309104509,944,0.15515809,0.060518973,0.0750257,0.48617652,2.0,maiz,0.0,0.9353813559322034,0.0,0.0,0.0646186440677966,45.0,0.9908997,35.13585,45.0,2.1311305,0.5625727,0.112,3.6016774,R4-R5,,2026-03-09 10:45:09
R12,20240224104842,92,0.41830617,0.16534886,0.23979202,0.8977267,2.0,maiz,0.29411764705882354,0.4470588235294118,0.0,0.0,0.25882352941176473,37.848663,4.6926384,26.957876,45.0,1.5539014,1.1388768,0.112,3.8156054,R4-R5,29.0,2024-02-24 10:48:42
R12,20240412104852,144,0.5009616,0.13808972,0.3165666,0.86071825,2.0,maiz,0.006622516556291391,0.7350993377483444,0.0,0.0,0.2582781456953642,38.825676,3.429929,30.524265,45.0,2.2863016,1.48035,0.112,4.0702395,R4-R5,30.0,2024-04-12 10:48:52
R12,20240530104851,143,0.32189128,0.18737832,0.139181,0.85114616,2.0,rastrojo,0.0,0.3443708609271523,0.0,0.3973509933774834,0.2582781456953642,30.884827,8.15525,9.057344,43.0,1.4107488,1.9804218,0.013403874,6.118827,Alt : 0.05,25.0,2024-05-30 10:48:51
R12,20240717104848,143,0.68727905,0.25060198,0.1649561,1.055906,2.0,rastrojo,0.0,0.0,0.10810810810810811,0.6959459459459459,0.19594594594594594,22.947647,9.397517,5.8,41.367924,0.17424019,0.20018849,0.012945451,0.591,Alt : 0.05,22.0,2024-07-17 10:48:48
R12,20241021104852,142,0.5683043,0.20880526,0.17904083,0.9213213,2.0,rastrojo,0.0,0.0,0.052083333333333336,0.7604166666666666,0.1875,20.950878,6.3335233,8.524826,39.4,0.20467138,0.31806418,0.013127487,1.5733582,Alt : 0.04,23.0,2024-10-21 10:48:52
R12,20241119103913,142,0.3011037,0.114826374,0.17295223,0.6765846,2.0,rastrojo,0.0,0.0,0.0,0.7375886524822695,0.2624113475177305,15.4977,6.9953027,8.455015,42.4,0.14567588,0.18880756,0.018585626,0.555,Alt : 0.05,27.0,2024-11-19 10:39:13
R12,20241208104848,89,0.71420974,0.18960504,0.33563662,1.0560564,2.0,maiz,0.05952380952380952,0.6547619047619048,0.0,0.14285714285714285,0.14285714285714285,18.098724,8.724654,5.0,45.0,1.5634041,1.186008,0.014054247,7.4333215,V1-VT,29.0,2024-12-08 10:48:48
R12,20250125104846,143,0.6031094,0.19460063,0.26324978,0.93296194,2.0,maiz,0.039735099337748346,0.6754966887417219,0.0,0.0,0.2847682119205298,19.780628,10.285638,5.9023147,43.43869,2.4960575,1.6089733,0.365,4.3299265,R1-R3,27.0,2025-01-25 10:48:46
R12,20250314104848,142,0.48108226,0.1524731,0.28863436,0.90812993,1.0,soja,0.8145695364238411,0.006622516556291391,0.0,0.0,0.17880794701986755,31.55,3.9217098,20.6,41.39334,0.93555665,0.45204347,0.328,4.139565,R6-R8,30.0,2025-03-14 10:48:48
R12,20250501104843,23,0.9324571,0.3146359,0.077383764,1.2132196,3.0,pastizal,0.0,0.0,0.0,0.38461538461538464,0.6153846153846154,17.0,7.8967485,5.723238,34.3,0.2922824,0.18612716,0.013882177,0.449,Alt : 0.05,26.0,2025-05-01 10:48:43
R12,20250922104848,125,0.5576473,0.3323411,0.07659205,1.4241174,2.0,rastrojo,0.0,0.0,0.01098901098901099,0.6923076923076923,0.2967032967032967,22.95,4.912036,9.758626,34.7,0.20643136,0.21188003,0.012636397,0.526,Alt : 0.04,19.0,2025-09-22 10:48:48
R12,20251101104513,142,0.42735618,0.26344594,0.040941715,0.9526315,2.0,rastrojo,0.0,0.0,0.06206896551724138,0.7103448275862069,0.22758620689655173,21.366415,6.517028,8.131033,40.0,0.1921775,0.32758957,0.012160189,1.5636475,Alt : 0.04,,2025-11-01 10:45:13
R12,20251109104851,143,0.351232,0.23731181,0.036623664,0.76802963,2.0,rastrojo,0.0,0.0,0.02631578947368421,0.6842105263157895,0.2894736842105263,26.359867,5.680682,16.5,43.9,0.23128961,0.24453452,0.010047628,0.95758617,Alt : 0.04,,2025-11-09 10:48:51
R12,20251117104510,144,0.3025828,0.23673436,0.04455284,0.84155923,2.0,rastrojo,0.0,0.0,0.03759398496240601,0.7819548872180451,0.18045112781954886,25.122952,6.453076,12.1,41.12192,0.1421616,0.25397092,0.012149177,1.5638957,Alt : 0.04,,2025-11-17 10:45:10
R12,20251227104850,143,0.70167583,0.26182356,0.12611695,1.0165195,2.0,maiz,0.026490066225165563,0.543046357615894,0.0,0.24503311258278146,0.18543046357615894,20.490692,6.8113475,7.264131,38.379692,1.245905,1.0300056,0.0113833845,3.831842,V1-VT,29.0,2025-12-27 10:48:50
R12,20260309104509,143,0.5122442,0.06536256,0.41672432,0.7967996,2.0,maiz,0.033112582781456956,0.7814569536423841,0.0,0.0,0.18543046357615894,36.303844,5.192484,24.316757,45.0,2.626318,1.4504966,0.112,3.9431896,R4-R5,,2026-03-09 10:45:09
R2,20240224104842,190,0.4449649,0.15601115,0.31289127,0.9427609,1.0,soja,0.6839080459770115,0.0,0.0,0.0,0.3045977011494253,29.267292,4.2948055,16.1,42.413635,1.0476474,1.138486,0.404,7.241,R6-R8,29.0,2024-02-24 10:48:42
R2,20240412104852,185,0.46938944,0.15408514,0.3190506,1.0138168,1.0,soja,0.6705882352941176,0.01764705882352941,0.0,0.0,0.31176470588235294,29.124851,4.852905,20.8,42.5,1.0646054,0.97903293,0.336,6.917,R6-R8,30.0,2024-04-12 10:48:52
R2,20240530104851,185,0.17288671,0.26627833,0.07254318,1.1430986,2.0,rastrojo,0.0,0.0,0.0,0.6882352941176471,0.31176470588235294,29.1,6.04553,10.1,42.602074,0.22450486,0.77217954,0.011769065,7.952,Alt : 0.05,25.0,2024-05-30 10:48:51
R2,20240717104848,185,0.20536348,0.24720353,0.069356985,1.0318369,2.0,rastrojo,0.0,0.0,0.0,0.718562874251497,0.281437125748503,22.605942,7.394365,7.4,41.943405,0.17528288,0.5345765,0.01164189,6.771,Alt : 0.04,22.0,2024-07-17 10:48:48
R2,20241021104852,186,0.19186863,0.27895975,0.068259165,1.0686923,2.0,rastrojo,0.0,0.0,0.0,0.6928104575163399,0.30718954248366015,24.530956,5.0768166,8.2,34.574177,0.19906864,0.6108042,0.011665754,7.339,Alt : 0.04,23.0,2024-10-21 10:48:52
R2,20241119103913,191,0.174179,0.11951087,0.11378293,0.660523,2.0,rastrojo,0.0,0.0,0.0,0.6900584795321637,0.30409356725146197,17.085249,4.7896986,7.1,36.3,0.19946955,0.50673884,0.013998011,4.819,Alt : 0.05,27.0,2024-11-19 10:39:13
R2,20241208104848,185,0.285582,0.25312746,0.1883614,1.0217054,3.0,rastrojo,0.0,0.13609467455621302,0.0,0.5739644970414202,0.28994082840236685,21.349998,6.0161157,13.070497,45.0,0.635239,1.3526269,0.014565828,8.660547,Alt : 0.05,29.0,2024-12-08 10:48:48
R2,20250125104846,185,0.4377539,0.23339185,0.3165854,1.1726719,2.0,maiz,0.05952380952380952,0.6607142857142857,0.0,0.0,0.27380952380952384,19.0,8.853757,6.2365417,40.8,2.8632123,2.3318176,0.359,9.812194,R1-R3,27.0,2025-01-25 10:48:46
R2,20250314104848,185,0.41964898,0.16528438,0.2998489,1.0210295,1.0,soja,0.686046511627907,0.0,0.0,0.0,0.313953488372093,26.662535,6.6239004,17.6,43.626106,0.9112702,0.65636784,0.408,6.905,R6-R8,30.0,2025-03-14 10:48:48
R2,20250501104843,186,0.2840824,0.2729663,0.12099009,1.1770159,2.0,rastrojo,0.0,0.0,0.0,0.6666666666666666,0.3333333333333333,27.421041,7.6233835,10.9,43.725143,0.16001485,0.1962581,0.0111580985,0.56451637,Alt : 0.05,26.0,2025-05-01 10:48:43
R2,20250805104843,60,0.30646384,0.28536472,0.12019266,0.97585785,2.0,rastrojo,0.0,0.0,0.0,1.0,0.0,22.052761,4.5623965,12.506323,28.75532,0.3449493,1.6015857,0.0115950275,8.191,Alt : 0.04,22.0,2025-08-05 10:48:43
R2,20250922104848,185,0.25164986,0.27050382,0.10089052,1.030701,2.0,rastrojo,0.0,0.0,0.0,0.6455696202531646,0.34810126582278483,18.4,6.693504,5.0,37.8,0.339996,1.0525563,0.011399517,7.225,Alt : 0.04,19.0,2025-09-22 10:48:48
R2,20251101104513,188,0.33062023,0.1966049,0.1493903,0.9570856,2.0,rastrojo,0.0,0.0,0.0,0.6909090909090909,0.3090909090909091,17.591316,6.699308,5.0,35.8,0.18526462,0.50721365,0.011869379,6.258,Alt : 0.05,,2025-11-01 10:45:13
R2,20251109104851,185,0.18470344,0.24162006,0.078785464,1.0150282,2.0,rastrojo,0.0,0.0,0.0,0.6845637583892618,0.31543624161073824,27.5,4.971872,16.1,40.2,0.20353529,0.58626336,0.011656609,6.908,Alt : 0.04,,2025-11-09 10:48:51
R2,20251117104510,187,0.25528777,0.16495496,0.119445935,0.81354266,2.0,rastrojo,0.0,0.0,0.0,0.6826347305389222,0.31736526946107785,23.67789,6.6975107,6.5,34.47992,0.1545192,0.19120353,0.011015715,0.457,Alt : 0.04,,2025-11-17 10:45:10
R2,20251227104850,185,0.2387397,0.2657982,0.11961219,1.016848,3.0,rastrojo,0.0,0.15384615384615385,0.0,0.5384615384615384,0.3076923076923077,21.669123,6.348083,9.107085,39.8,0.7352236,1.4026071,0.0108270915,8.716772,Alt : 0.04,29.0,2025-12-27 10:48:50
R2,20260213104844,173,0.11590988,0.24752478,0.04519198,0.9576792,2.0,maiz,0.26,0.5066666666666667,0.0,0.0,0.22666666666666666,36.0,5.1295104,16.493238,45.0,1.545609,1.202334,0.168,7.892,R4-R5,,2026-02-13 10:48:44
R2,20260309104509,188,0.11943559,0.08917881,0.07014426,0.5832913,2.0,maiz,0.0,0.6941176470588235,0.0,0.0,0.3058823529411765,45.0,1.162773,37.789433,45.0,1.6213651,1.0841551,0.112,7.201,R4-R5,,2026-03-09 10:45:09
R3,20240224104842,231,0.47160065,0.1268218,0.35862452,0.9417553,1.0,soja,0.9223300970873787,0.04854368932038835,0.0,0.0,0.024271844660194174,32.431908,4.061529,12.5,42.295593,1.222942,1.0125868,0.399,9.033,R6-R8,29.0,2024-02-24 10:48:42
R3,20240412104852,236,0.5369798,0.1379209,0.36038485,1.022223,1.0,soja,0.8756218905472637,0.06467661691542288,0.0,0.0,0.05472636815920398,34.450012,3.8434815,20.785818,42.26418,1.4063442,1.2850343,0.371,8.924,R6-R8,30.0,2024-04-12 10:48:52
R3,20240530104851,235,0.20635778,0.2490343,0.13895343,0.9822115,2.0,rastrojo,0.0,0.0,0.0,0.9402985074626866,0.05472636815920398,28.342031,5.3195925,16.3292,43.1828,0.18925118,1.0430977,0.010371305,8.522,Alt : 0.04,25.0,2024-05-30 10:48:51
R3,20240717104848,235,0.2988885,0.28238326,0.17248292,0.9835336,2.0,rastrojo,0.0,0.0,0.0,0.9292929292929293,0.05555555555555555,20.294918,9.096373,8.226732,42.93258,0.12961301,0.8362907,0.010704822,7.991,Alt : 0.05,22.0,2024-07-17 10:48:48
R3,20241021104852,236,0.25294343,0.25999242,0.13353729,0.97003603,2.0,rastrojo,0.0,0.0,0.03680981595092025,0.8711656441717791,0.06134969325153374,21.624348,3.4470632,16.357847,35.0,0.1485779,0.6235949,0.01063001,6.743,Alt : 0.04,23.0,2024-10-21 10:48:52
R3,20241119103913,232,0.22411644,0.15911664,0.16257516,0.75699395,2.0,rastrojo,0.0,0.0,0.0,0.9455445544554455,0.04950495049504951,14.385923,5.4264784,7.0867777,37.4,0.16443339,1.1023339,0.014797348,13.967,Alt : 0.04,27.0,2024-11-19 10:39:13
R3,20241208104848,234,0.40598923,0.20690243,0.27419966,1.0862935,3.0,rastrojo,0.0,0.39487179487179486,0.0,0.558974358974359,0.03076923076923077,23.422483,6.1487017,11.552857,42.545357,1.0974118,1.3423868,0.014561166,6.555,Alt : 0.05,29.0,2024-12-08 10:48:48
R3,20250125104846,235,0.5014699,0.15232544,0.3309475,1.0204184,2.0,maiz,0.0,0.9545454545454546,0.0,0.0,0.04040404040404041,16.282942,9.968326,6.819351,45.0,3.2151606,1.0189289,0.397,8.802,R1-R3,27.0,2025-01-25 10:48:46
R3,20250314104848,236,0.40600985,0.13058433,0.25920796,0.89438224,1.0,soja,0.9068627450980392,0.024509803921568627,0.0,0.0,0.05392156862745098,28.258953,4.9572096,15.450409,42.293255,1.2283138,1.2064865,0.35,8.571,R6-R8,30.0,2025-03-14 10:48:48
R3,20250501104843,133,0.24834785,0.23379181,0.1316961,1.0085361,2.0,rastrojo,0.0,0.0,0.0,0.9629629629629629,0.027777777777777776,22.1,10.121251,9.546464,43.427937,0.1408033,0.88026744,0.01175227,6.927,Alt : 0.05,26.0,2025-05-01 10:48:43
R3,20250922104848,235,0.32472554,0.26465407,0.1055574,1.1146336,2.0,rastrojo,0.0,0.0,0.1893491124260355,0.7455621301775148,0.05917159763313609,13.921354,5.6775613,7.581586,31.1,0.29069468,1.057896,0.012357715,7.925,Alt : 0.04,19.0,2025-09-22 10:48:48
R3,20251101104513,230,0.36070675,0.2005054,0.16957717,0.9638487,2.0,rastrojo,0.0,0.0,0.005025125628140704,0.8994974874371859,0.07035175879396985,13.669537,4.6030564,8.244872,31.263668,0.16643181,0.75345707,0.01238336,5.298,Alt : 0.05,,2025-11-01 10:45:13
R3,20251109104851,235,0.22058123,0.2163536,0.06697482,0.9451725,2.0,rastrojo,0.0,0.0,0.0,0.9014084507042254,0.07746478873239436,24.8,3.816466,15.0,41.8,0.19406319,1.0867481,0.01247,8.823,Alt : 0.04,,2025-11-09 10:48:51
R3,20251117104510,237,0.28364176,0.17069146,0.14018722,0.78149176,2.0,rastrojo,0.0,0.0,0.0,0.9536082474226805,0.03608247422680412,22.740654,3.3380127,14.0,33.6,0.113249645,0.63792986,0.011629889,5.304,Alt : 0.05,,2025-11-17 10:45:10
R3,20251227104850,235,0.29398546,0.2777314,0.13427371,1.0273204,3.0,rastrojo,0.0,0.395,0.0,0.535,0.055,20.759804,5.5916133,9.707918,43.93267,1.1309426,1.5131596,0.01015773,8.376,Alt : 0.04,29.0,2025-12-27 10:48:50
R3,20260213104844,41,0.35153323,0.1473752,0.18576749,0.65475476,1.0,soja,1.0,0.0,0.0,0.0,0.0,32.754894,5.5261097,16.577053,40.876537,1.1145228,0.52054536,0.99,3.5520587,R1-R3,,2026-02-13 10:48:44
R3,20260309104509,228,0.34219703,0.08637118,0.12668398,0.68900186,2.0,maiz,0.0,0.93,0.0,0.0,0.055,38.620453,2.5130153,32.31574,45.0,3.21861,0.98337287,0.112,7.884,R4-R5,,2026-03-09 10:45:09
R4,20240224104842,186,0.40239927,0.09191429,0.28707084,0.7579545,1.0,soja,0.8967391304347826,0.02717391304347826,0.0,0.0,0.07608695652173914,35.696327,2.757275,26.566854,43.01158,1.0180752,0.45411322,0.361,4.083529,R6-R8,29.0,2024-02-24 10:48:42
R4,20240412104852,186,0.48989934,0.08328841,0.3682719,0.82713103,2.0,maiz,0.25,0.6630434782608695,0.0,0.0,0.08695652173913043,31.556171,4.8748155,26.044739,45.0,2.4441342,1.1863714,0.187,3.7304995,R1-R3,30.0,2024-04-12 10:48:52
R4,20240530104851,187,0.23510489,0.09020097,0.11081671,0.77432746,2.0,rastrojo,0.0,0.11049723756906077,0.0,0.8011049723756906,0.08839779005524862,36.151707,6.254582,19.254503,44.95878,0.515202,1.2519363,0.013007361,4.4002676,Alt : 0.05,25.0,2024-05-30 10:48:51
R4,20240717104848,187,0.14577828,0.1288216,0.07614322,0.9211637,2.0,rastrojo,0.0,0.0,0.0,0.903954802259887,0.096045197740113,22.504047,4.392587,16.696363,36.083233,0.056389157,0.11937435,0.014121178,0.436,Alt : 0.04,22.0,2024-07-17 10:48:48
R4,20241021104852,187,0.14285104,0.1061362,0.09272651,0.6382685,2.0,rastrojo,0.0,0.0,0.016574585635359115,0.8784530386740331,0.10497237569060773,24.86663,3.8716185,17.415556,40.0,0.09769319,0.26312187,0.01165964,1.5732235,Alt : 0.04,23.0,2024-10-21 10:48:52
R4,20241119103913,186,0.11499816,0.051173862,0.06405963,0.35930887,2.0,rastrojo,0.0,0.0,0.04046242774566474,0.8497109826589595,0.10982658959537572,20.167416,4.1246457,12.2678795,32.44296,0.13124572,0.32888243,0.012096397,1.5794487,Alt : 0.05,27.0,2024-11-19 10:39:13
R4,20241208104848,187,0.29861635,0.11400091,0.1921392,0.77309847,1.0,soja,0.7445652173913043,0.08695652173913043,0.0,0.08152173913043478,0.08695652173913043,19.031628,5.345175,9.9,36.91448,0.9474788,0.5294544,0.014161651,2.8607104,V1-VT,29.0,2024-12-08 10:48:48
R4,20250125104846,187,0.45288458,0.079294376,0.2784347,0.7305687,2.0,maiz,0.0,0.9184782608695652,0.0,0.0,0.08152173913043478,18.718788,4.312555,11.675968,36.6,3.4851356,0.9348154,0.448,4.3561063,R1-R3,27.0,2025-01-25 10:48:46
R4,20250314104848,187,0.58249336,0.10583573,0.3250219,0.8191933,1.0,soja,0.8967391304347826,0.0,0.0,0.0,0.10326086956521739,35.404755,3.7880747,23.122581,43.75021,0.95240647,0.17939447,0.391,1.0784788,R6-R8,30.0,2025-03-14 10:48:48
R4,20250501104843,187,0.22160056,0.12662543,0.122858375,0.76857686,2.0,rastrojo,0.0,0.0,0.0,0.9184782608695652,0.08152173913043478,30.418644,4.6872683,18.3,37.84748,0.047462814,0.11034279,0.012922288,0.425,Alt : 0.05,26.0,2025-05-01 10:48:43
R4,20250805104843,187,0.17023717,0.13802928,0.071362294,0.8947802,2.0,rastrojo,0.0,0.0,0.0,0.9021739130434783,0.09782608695652174,19.983503,3.215889,12.6,33.136482,0.061590325,0.13360023,0.010262983,0.73954785,Alt : 0.04,22.0,2025-08-05 10:48:43
R4,20250922104848,187,0.20045827,0.1565663,0.111978866,0.99938273,2.0,rastrojo,0.0,0.0,0.01092896174863388,0.912568306010929,0.07650273224043716,17.8,3.450644,10.635428,31.328686,0.04877907,0.11069877,0.011492084,0.428,Alt : 0.04,19.0,2025-09-22 10:48:48
R4,20251101104513,184,0.255113,0.095865995,0.14286403,0.6377209,2.0,rastrojo,0.0,0.0,0.0,0.907608695652174,0.09239130434782608,16.820332,3.376483,7.7,25.479364,0.055911016,0.1260598,0.011589089,0.6185642,Alt : 0.05,,2025-11-01 10:45:13
R4,20251109104851,188,0.16377959,0.10925307,0.122317724,0.7109238,2.0,rastrojo,0.0,0.0,0.0,0.907608695652174,0.09239130434782608,23.9,2.6135476,17.605448,29.378817,0.053496078,0.11751245,0.010824742,0.423,Alt : 0.04,,2025-11-09 10:48:51
R4,20251117104510,186,0.22201869,0.07941374,0.14469817,0.52089053,2.0,rastrojo,0.0,0.0,0.0,0.9130434782608695,0.08695652173913043,21.138134,2.655431,15.4,28.531277,0.051459108,0.116179645,0.011167617,0.43,Alt : 0.05,,2025-11-17 10:45:10
R4,20251227104850,187,0.22990823,0.10193063,0.16582471,0.7163445,3.0,rastrojo,0.05434782608695652,0.11413043478260869,0.0,0.7391304347826086,0.09239130434782608,15.861435,3.3161225,7.2284775,28.27034,0.34189123,0.58802193,0.012089875,2.746689,Alt : 0.05,29.0,2025-12-27 10:48:50
R4,20260213104844,187,0.26182044,0.14181313,0.05616249,0.69934237,1.0,soja,0.8804347826086957,0.03804347826086957,0.0,0.0,0.08152173913043478,6.047307,10.345315,5.0756183,36.78841,0.9989944,0.29156086,0.422,2.9362037,R4-R5,,2026-02-13 10:48:44
R4,20260309104509,185,0.32953385,0.097330816,0.06790825,0.57849824,1.0,soja,0.6521739130434783,0.2554347826086957,0.0,0.0,0.09239130434782608,28.85611,5.2025247,13.197523,45.0,1.3886123,0.9464059,0.443,4.3457866,R4-R5,,2026-03-09 10:45:09
R5,20240224104842,230,0.39510417,0.07922383,0.27935317,0.7835939,1.0,soja,0.8705357142857143,0.10267857142857142,0.0,0.0,0.026785714285714284,36.9043,3.8696418,23.287447,43.613922,1.2442373,0.79680276,0.353,4.0158577,R6-R8,29.0,2024-02-24 10:48:42
R5,20240412104852,228,0.48202688,0.09316452,0.32530463,0.9043806,2.0,maiz,0.06696428571428571,0.8705357142857143,0.0,0.0,0.0625,32.79522,4.06495,22.299276,45.0,2.8128774,0.985197,0.164,3.8075597,R4-R5,30.0,2024-04-12 10:48:52
R5,20240530104851,228,0.239694,0.1037126,0.16568795,0.70087636,2.0,rastrojo,0.0,0.11607142857142858,0.0,0.8214285714285714,0.0625,33.97844,5.958108,13.143514,43.11089,0.5462388,1.389288,0.013026828,5.4016733,Alt : 0.05,25.0,2024-05-30 10:48:51
R5,20240717104848,228,0.16954586,0.1463935,0.116388276,0.76925397,2.0,rastrojo,0.0,0.0,0.0,0.9196428571428571,0.08035714285714286,18.841642,5.980005,12.4,40.5,0.049931098,0.109877236,0.0129685225,0.433,Alt : 0.04,22.0,2024-07-17 10:48:48
R5,20241021104852,229,0.14817812,0.09864088,0.08246298,0.59520465,2.0,rastrojo,0.0,0.0,0.009389671361502348,0.9248826291079812,0.06572769953051644,26.020504,3.7475488,17.907488,36.62009,0.092807375,0.2854937,0.012602094,1.5681064,Alt : 0.05,23.0,2024-10-21 10:48:52
R5,20241119103913,229,0.08264916,0.03720899,0.04627268,0.3050348,2.0,rastrojo,0.0,0.0,0.037209302325581395,0.9069767441860465,0.05581395348837209,24.464062,3.8983836,13.776784,37.5,0.10263368,0.30552322,0.011017468,1.541,Alt : 0.04,27.0,2024-11-19 10:39:13
R5,20241208104848,228,0.19264403,0.13153498,0.13899271,0.7581757,3.0,rastrojo,0.15625,0.04017857142857143,0.0,0.7410714285714286,0.0625,19.210094,3.8797438,10.0183935,36.4,0.30969065,0.5975585,0.010444727,3.3288748,Alt : 0.04,29.0,2024-12-08 10:48:48
R5,20250125104846,228,0.24763697,0.09902927,0.14069943,0.6534776,2.0,maiz,0.0,0.9241071428571429,0.0,0.0,0.07589285714285714,27.704567,6.346891,8.432669,38.7,3.3499584,0.88229936,0.365,4.4649324,R1-R3,27.0,2025-01-25 10:48:46
R5,20250314104848,228,0.26144463,0.09578667,0.18012509,0.6695068,2.0,maiz,0.12053571428571429,0.8214285714285714,0.0,0.0,0.05803571428571429,38.176216,2.8847306,26.23233,45.0,2.9263868,1.0910226,0.132,4.9443817,R4-R5,30.0,2025-03-14 10:48:48
R5,20250501104843,230,0.2021152,0.095147565,0.13899177,0.70707756,1.0,maiz,0.0,0.6651785714285714,0.0,0.2767857142857143,0.05803571428571429,38.71985,5.425997,17.6,44.93066,1.9705349,1.4490086,0.013014436,6.1626577,R4-R5,26.0,2025-05-01 10:48:43
R5,20250805104843,228,0.17260608,0.11237213,0.11983787,0.6450244,2.0,rastrojo,0.0,0.0,0.0,0.9464285714285714,0.05357142857142857,18.37352,2.382668,9.9,22.964134,0.03709789,0.09256467,0.010919148,0.427,Alt : 0.04,22.0,2025-08-05 10:48:43
R5,20250922104848,228,0.23046356,0.15599191,0.12686287,0.8979745,2.0,rastrojo,0.0,0.0,0.06696428571428571,0.875,0.05803571428571429,15.098218,3.1968746,6.9810114,25.96014,0.06771217,0.13375941,0.010958431,0.43768618,Alt : 0.04,19.0,2025-09-22 10:48:48
R5,20251101104513,233,0.2505275,0.10963524,0.16924612,0.7335986,2.0,rastrojo,0.0,0.0,0.0,0.9107142857142857,0.08928571428571429,14.2,3.6445947,7.1149387,31.8,0.05241443,0.11757729,0.011998686,0.586,Alt : 0.05,,2025-11-01 10:45:13
R5,20251109104851,228,0.35578728,0.10749023,0.14770009,0.71517396,2.0,rastrojo,0.0,0.0,0.0,0.9196428571428571,0.08035714285714286,24.000425,2.0812666,19.284447,32.8,0.052378953,0.10698924,0.016750952,0.424,Alt : 0.05,,2025-11-09 10:48:51
R5,20251117104510,234,0.20940441,0.11249787,0.12274393,0.6930687,2.0,rastrojo,0.0,0.0,0.0,0.9375,0.0625,21.872887,2.8321452,15.36555,43.5,0.06275899,0.15205531,0.01132703,0.941512,Alt : 0.04,,2025-11-17 10:45:10
R5,20251227104850,229,0.2257073,0.11602436,0.1512946,0.6845233,3.0,rastrojo,0.06696428571428571,0.07589285714285714,0.0,0.7946428571428571,0.0625,19.2,3.3732715,10.331957,29.550846,0.30779523,0.60574406,0.010467961,2.8090506,Alt : 0.04,29.0,2025-12-27 10:48:50
R5,20260213104844,229,0.28266928,0.12376811,0.18539496,0.75588375,1.0,soja,0.9241071428571429,0.0,0.0,0.0,0.07589285714285714,6.828429,8.318199,5.0366807,41.3087,0.966176,0.15446922,0.421,1.1024851,R4-R5,,2026-02-13 10:48:44
R5,20260309104509,233,0.45941043,0.06994804,0.28358573,0.7536861,1.0,soja,0.9375,0.0,0.0,0.0,0.0625,28.903069,3.3755322,19.8,40.235508,0.98241127,0.13573565,0.373,1.0932124,R6-R8,,2026-03-09 10:45:09
R6,20240224104842,948,0.566562,0.08467297,0.2331751,0.81901413,1.0,soja,0.9810126582278481,0.0189873417721519,0.0,0.0,0.0,34.59631,3.1795948,17.888603,42.2,1.0805098,0.3975939,0.99,4.0672846,R6-R8,28.5,2024-02-24 10:48:42
R6,20240412104852,949,0.51311773,0.08341331,0.31498596,0.9636814,1.0,soja,0.95042194092827,0.049578059071729956,0.0,0.0,0.0,33.449623,3.6937282,19.232882,43.826397,1.1376836,0.5650157,0.99,4.3128285,R6-R8,30.0,2024-04-12 10:48:52
R6,20240530104851,949,0.23684657,0.1485863,0.054192465,0.95781815,2.0,rastrojo,0.0,0.0,0.0,1.0,0.0,22.295046,6.8695617,7.3248243,42.13405,0.017516898,0.037973046,0.010652655,0.7902043,Alt : 0.05,25.0,2024-05-30 10:48:51
R6,20240717104848,949,0.25174123,0.13237317,0.06508947,0.9133152,2.0,rastrojo,0.0,0.0,0.012658227848101266,0.9873417721518988,0.0,18.233648,8.609603,5.212754,43.493607,0.021780828,0.052105427,0.010420214,0.62924355,Alt : 0.04,22.0,2024-07-17 10:48:48
R6,20241021104852,949,0.24485658,0.09865664,0.10611783,0.7078155,2.0,rastrojo,0.0,0.0,0.006329113924050633,0.9936708860759493,0.0,23.01926,3.9536045,12.026855,37.11454,0.032020535,0.14102873,0.011184827,1.564786,Alt : 0.05,23.0,2024-10-21 10:48:52
R6,20241119103913,948,0.1496527,0.06648562,0.05404759,0.5342404,2.0,rastrojo,0.0,0.0,0.0,1.0,0.0,16.257717,5.5516124,5.0,30.782335,0.016481262,0.020689508,0.01110516,0.53780854,Alt : 0.05,27.0,2024-11-19 10:39:13
R6,20241208104848,949,0.25998077,0.13663475,0.12904772,0.9034644,3.0,rastrojo,0.06751054852320675,0.0379746835443038,0.0,0.8945147679324894,0.0,17.5079,5.9964256,5.0,38.06806,0.1656858,0.44188333,0.011093995,2.710438,Alt : 0.05,29.0,2024-12-08 10:48:48
R6,20250125104846,950,0.31262538,0.076355904,0.1891355,0.7632399,2.0,maiz,0.0,1.0,0.0,0.0,0.0,30.564474,6.2975926,6.1996155,41.60745,3.949211,0.44139984,2.5460126,6.8137474,R1-R3,26.5,2025-01-25 10:48:46
R6,20250314104848,949,0.33241737,0.06595526,0.2159767,0.79257613,2.0,maiz,0.013713080168776372,0.9862869198312236,0.0,0.0,0.0,37.6,2.47452,27.90309,42.798042,3.6868875,0.70755035,0.99,4.725373,R4-R5,30.0,2025-03-14 10:48:48
R6,20250501104843,950,0.29557157,0.08176664,0.1894176,0.92345876,1.0,maiz,0.0,0.5981012658227848,0.0,0.40189873417721517,0.0,39.186478,3.4877641,24.229717,44.68843,1.8296168,1.5093516,0.011365282,4.3951592,R4-R5,26.0,2025-05-01 10:48:43
R6,20250805104843,949,0.20247395,0.14135902,0.075311914,1.027925,2.0,rastrojo,0.0,0.0,0.0580168776371308,0.9419831223628692,0.0,15.269395,3.6594524,6.2,33.645874,0.045777567,0.11121574,0.01105137,0.929049,Alt : 0.04,22.0,2025-08-05 10:48:43
R6,20250922104848,950,0.2910273,0.12905227,0.12813798,0.8904488,2.0,rastrojo,0.0,0.0,0.27783669141039236,0.7221633085896076,0.0,14.629728,3.569116,6.8348165,30.815926,0.13924731,0.19288678,0.011169213,0.8917647,Alt : 0.04,19.0,2025-09-22 10:48:48
R6,20251101104513,793,0.28080338,0.09320202,0.10528292,0.92857856,2.0,rastrojo,0.0,0.0,0.0,1.0,0.0,13.634005,3.163296,5.141239,24.1,0.015700294,0.02906203,0.011740957,0.8079934,Alt : 0.05,,2025-11-01 10:45:13
R6,20251109104851,949,0.36946172,0.08525181,0.23466572,0.75160646,2.0,rastrojo,0.0,0.0,0.0,1.0,0.0,24.36097,2.940904,16.085747,32.31865,0.020969715,0.0012226934,0.01294117,0.034023147,Alt : 0.05,,2025-11-09 10:48:51
R6,20251117104510,947,0.22834924,0.07631071,0.11280152,0.6714867,2.0,rastrojo,0.0,0.0,0.0,1.0,0.0,23.306719,3.557202,14.433928,35.6,0.01697677,0.027997414,0.010112749,0.5341972,Alt : 0.04,,2025-11-17 10:45:10
R6,20251227104850,949,0.23655272,0.14641465,0.11938788,0.8528292,3.0,rastrojo,0.10864978902953587,0.022151898734177215,0.0,0.869198312236287,0.0,18.579569,5.062992,5.4,33.42199,0.16538711,0.4085233,0.01039269,2.480077,Alt : 0.05,29.0,2025-12-27 10:48:50
R6,20260213104844,949,0.2695882,0.09855118,0.13919248,0.84225464,1.0,soja,0.9799789251844047,0.020021074815595362,0.0,0.0,0.0,6.0123944,8.479871,5.0,41.426502,1.0698608,0.35201332,0.99,3.7916014,R1-R3,,2026-02-13 10:48:44
R6,20260309104509,949,0.51980865,0.06664288,0.33531353,0.75693846,1.0,soja,0.9947257383966245,0.005274261603375527,0.0,0.0,0.0,31.412416,3.72435,13.574023,42.55475,1.1077182,0.4744853,0.9906501,4.20512,R6-R8,,2026-03-09 10:45:09
R7,20240224104842,496,0.3165901,0.0475764,0.22525007,0.5538102,2.0,maiz,0.05668016194331984,0.9311740890688259,0.0,0.0,0.012145748987854251,31.502708,3.3923476,21.241713,40.295994,3.1284814,0.74366087,0.317,4.1883388,R4-R5,29.0,2024-02-24 10:48:42
R7,20240412104852,492,0.4485652,0.0568125,0.27131706,0.58067745,2.0,maiz,0.004048582995951417,0.9838056680161943,0.0,0.0,0.012145748987854251,38.800377,3.1625645,21.418411,45.0,2.7366664,0.5378463,0.132,4.213096,R4-R5,30.0,2024-04-12 10:48:52
R7,20240530104851,493,0.19516547,0.04160274,0.08028402,0.41656712,1.0,maiz,0.0,0.7793522267206477,0.0,0.20850202429149797,0.012145748987854251,19.746395,7.785165,10.013434,43.351418,2.994534,1.7724303,0.012932935,6.044824,R4-R5,25.0,2024-05-30 10:48:51
R7,20240717104848,494,0.2013502,0.1549016,0.105596684,1.1871649,1.0,trigo,0.0,0.0,0.7226720647773279,0.26720647773279355,0.010121457489878543,11.861368,6.2646766,5.6,44.091995,0.31704718,0.20686758,0.010612708,0.72290874,<Z50,22.0,2024-07-17 10:48:48
R7,20241021104852,493,0.20864317,0.0702372,0.08886066,0.61739475,2.0,rastrojo,0.0,0.0,0.0,0.9979757085020243,0.0020242914979757085,24.709911,2.2067258,16.0,31.484823,0.022355968,0.031883873,0.013364258,0.491,Alt : 0.05,23.0,2024-10-21 10:48:52
R7,20241119103913,498,0.14076981,0.048651144,0.10912073,0.3716328,2.0,rastrojo,0.0,0.0,0.0,0.9892008639308856,0.01079913606911447,21.907608,3.7078214,8.960919,38.0,0.021772487,0.05019821,0.01420936,0.437,Alt : 0.05,27.0,2024-11-19 10:39:13
R7,20241208104848,494,0.20866376,0.08403953,0.1400941,0.6586914,3.0,rastrojo,0.0,0.05060728744939271,0.0,0.9433198380566802,0.006072874493927126,17.664303,2.8287532,9.91978,34.8,0.09712108,0.3740015,0.011637855,2.3835528,Alt : 0.05,29.0,2024-12-08 10:48:48
R7,20250125104846,494,0.25534397,0.049127784,0.13463403,0.432212,2.0,maiz,0.0,0.9838056680161943,0.0,0.0,0.016194331983805668,26.311104,3.7849154,17.447739,37.9,3.6039984,0.533625,0.339,6.008953,R1-R3,27.0,2025-01-25 10:48:46
R7,20250314104848,493,0.27040705,0.060760107,0.17680375,0.49071956,2.0,maiz,0.0,0.9959514170040485,0.0,0.0,0.004048582995951417,39.219604,1.5148202,30.425022,45.0,3.3697622,0.49057287,0.132,4.290766,R4-R5,30.0,2025-03-14 10:48:48
R7,20250501104843,495,0.24909876,0.061800174,0.16063733,0.58013844,1.0,maiz,0.0,0.7145748987854251,0.0,0.2773279352226721,0.008097165991902834,35.4,4.9730124,11.111457,41.37909,2.3821406,1.557674,0.01606871,5.604636,R4-R5,26.0,2025-05-01 10:48:43
R7,20250805104843,494,0.18614009,0.15561491,0.062473834,1.0868859,2.0,rastrojo,0.0,0.0,0.0,0.9898785425101214,0.010121457489878543,16.131374,5.1881127,5.4449,36.7,0.02233377,0.061516307,0.01105137,0.7991551,Alt : 0.04,22.0,2025-08-05 10:48:43
R7,20250922104848,493,0.21933307,0.15283413,0.09457194,1.2070774,2.0,rastrojo,0.0,0.0,0.0,0.9838056680161943,0.016194331983805668,14.016341,4.558273,7.3468633,43.4,0.026508695,0.074887685,0.011190678,0.89733,Alt : 0.05,19.0,2025-09-22 10:48:48
R7,20251101104513,491,0.281867,0.09203738,0.10550951,0.64613205,2.0,rastrojo,0.0,0.0,0.0,0.9878542510121457,0.012145748987854251,13.297401,4.4796085,6.4558005,39.7,0.02060962,0.053409096,0.01079364,0.614,Alt : 0.05,,2025-11-01 10:45:13
R7,20251109104851,493,0.3523143,0.09404618,0.15974256,0.7209619,2.0,rastrojo,0.0,0.0,0.0,0.9898373983739838,0.01016260162601626,26.593836,4.1779304,17.487827,42.43101,0.027329775,0.04869495,0.014213116,0.461,Alt : 0.05,,2025-11-09 10:48:51
R7,20251117104510,492,0.21676393,0.08875518,0.11269954,0.74257374,2.0,rastrojo,0.0,0.0,0.0,0.9919028340080972,0.008097165991902834,24.614182,4.8541455,12.333432,35.60408,0.026381752,0.07939908,0.011015598,0.8360453,Alt : 0.04,,2025-11-17 10:45:10
R7,20251227104850,492,0.20337772,0.08208264,0.08941159,0.6991893,3.0,rastrojo,0.0,0.03441295546558704,0.0,0.9554655870445344,0.010121457489878543,19.526226,3.5061057,9.5,30.5,0.06251557,0.20410588,0.010798413,1.5115731,Alt : 0.04,29.0,2025-12-27 10:48:50
R7,20260213104844,492,0.28470823,0.09444239,0.12224041,0.8005813,1.0,soja,0.9838056680161943,0.0,0.0,0.0,0.016194331983805668,5.9578876,4.307872,5.0,33.191185,0.98561233,0.084434636,0.339,1.0958319,R4-R5,,2026-02-13 10:48:44
R7,20260309104509,488,0.5173833,0.04550294,0.37116334,0.64211935,1.0,soja,0.9898785425101214,0.0,0.0,0.0,0.010121457489878543,30.176926,1.9628996,22.399817,36.387703,1.0160064,0.06207004,0.453,1.0901,R6-R8,,2026-03-09 10:45:09
R8,20240224104842,344,0.354175,0.05090385,0.23595153,0.66114914,2.0,maiz,0.08304498269896193,0.9134948096885813,0.0,0.0,0.0034602076124567475,32.754158,3.266144,15.633849,45.0,3.1541564,0.7262932,0.195,3.9011977,R1-R3,29.0,2024-02-24 10:48:42
R8,20240412104852,338,0.41589567,0.05889078,0.2741711,0.5597504,2.0,maiz,0.04332129963898917,0.9566787003610109,0.0,0.0,0.0,37.73858,2.2301931,29.609755,42.42324,2.8095179,0.49842334,0.99,3.5674515,R4-R5,30.0,2024-04-12 10:48:52
R8,20240530104851,337,0.21061443,0.0379961,0.14354688,0.51731884,1.0,maiz,0.0,0.8447653429602888,0.0,0.1552346570397112,0.0,20.629047,6.4093113,10.97357,41.57434,3.7884789,1.6509621,0.013324838,8.016603,R4-R5,25.0,2024-05-30 10:48:51
R8,20240717104848,337,0.22038937,0.108265325,0.13782954,0.969798,1.0,trigo,0.0,0.0,0.7881040892193308,0.20817843866171004,0.0037174721189591076,11.905044,5.9474444,6.7,40.051384,0.37546858,0.18115827,0.013713165,0.6739746,<Z50,22.0,2024-07-17 10:48:48
R8,20241021104852,336,0.2167501,0.094656065,0.13008344,0.7307542,2.0,rastrojo,0.0,0.0,0.033962264150943396,0.9622641509433962,0.0037735849056603774,24.857567,3.697425,10.252551,44.1,0.0812913,0.2906185,0.01156265,1.5782002,Alt : 0.05,23.0,2024-10-21 10:48:52
R8,20241119103913,344,0.16526343,0.13781303,0.11069071,0.76512873,2.0,rastrojo,0.0,0.0,0.0,0.996551724137931,0.0034482758620689655,21.435452,5.9280148,6.308655,31.0,0.01830308,0.0230417,0.013757762,0.386,Alt : 0.05,27.0,2024-11-19 10:39:13
R8,20241208104848,337,0.23535277,0.12921955,0.15620178,0.6982243,3.0,rastrojo,0.048507462686567165,0.03731343283582089,0.0,0.9104477611940298,0.0037313432835820895,18.086988,3.7877853,5.0,29.498379,0.13568182,0.4037493,0.013429322,2.42413,Alt : 0.05,29.0,2024-12-08 10:48:48
R8,20250125104846,337,0.26718003,0.058570087,0.034293942,0.3922147,2.0,maiz,0.0,0.9963636363636363,0.0,0.0,0.0036363636363636364,24.273905,4.591953,17.262098,45.0,3.480694,0.42935196,0.122,5.2316,R1-R3,27.0,2025-01-25 10:48:46
R8,20250314104848,337,0.2697661,0.06493436,0.051425863,0.3877946,2.0,maiz,0.0035335689045936395,0.9893992932862191,0.0,0.0,0.007067137809187279,40.0,2.394488,29.798618,45.0,3.0850115,0.5226898,0.132,4.1129,R4-R5,30.0,2025-03-14 10:48:48
R8,20250501104843,344,0.23477077,0.074490994,0.030512288,0.4783338,1.0,maiz,0.0,0.8042704626334519,0.0,0.19217081850533807,0.0035587188612099642,36.620056,3.8001504,25.026052,45.0,2.4899492,1.3282241,0.018904613,5.1031966,R4-R5,26.0,2025-05-01 10:48:43
R8,20250805104843,337,0.2040724,0.11457681,0.05579803,0.6429629,2.0,rastrojo,0.0,0.0,0.0,0.9964912280701754,0.0035087719298245615,15.18392,4.823733,7.8405676,35.24721,0.021939212,0.06293466,0.011273485,0.8628003,Alt : 0.04,22.0,2025-08-05 10:48:43
R8,20250922104848,337,0.243846,0.08333331,0.08150858,0.53034836,2.0,rastrojo,0.0,0.0,0.0673758865248227,0.9326241134751773,0.0,14.109091,4.4184027,6.9,27.309011,0.043144602,0.10324641,0.011006623,0.44725814,Alt : 0.04,19.0,2025-09-22 10:48:48
R8,20251101104513,344,0.29560143,0.117905155,0.101680085,0.746639,2.0,rastrojo,0.0,0.0,0.0,0.996268656716418,0.0037313432835820895,12.988392,5.422963,7.7,34.335426,0.017721547,0.03614175,0.011849722,0.4864343,Alt : 0.05,,2025-11-01 10:45:13
R8,20251109104851,338,0.34389383,0.0807863,0.14983255,0.55316406,2.0,rastrojo,0.0,0.0,0.0,0.9962962962962963,0.003703703703703704,25.176762,3.5543194,16.962666,35.168175,0.023456093,0.03234093,0.017888013,0.423,Alt : 0.05,,2025-11-09 10:48:51
R8,20251117104510,339,0.24299069,0.114831485,0.086387046,0.69850814,2.0,rastrojo,0.0,0.0,0.0,0.9963369963369964,0.003663003663003663,23.937307,6.017348,13.976536,39.656593,0.019554634,0.037756313,0.011612357,0.4,Alt : 0.05,,2025-11-17 10:45:10
R8,20251227104850,338,0.22751611,0.09030212,0.14935374,0.67986155,3.0,rastrojo,0.032846715328467155,0.014598540145985401,0.0,0.948905109489051,0.0036496350364963502,17.241476,3.8136268,6.2488174,34.9,0.069649905,0.22889522,0.010796606,1.7118499,Alt : 0.05,29.0,2025-12-27 10:48:50
R8,20260213104844,335,0.31336924,0.06939438,0.23327756,0.7438025,1.0,soja,0.9963898916967509,0.0,0.0,0.0,0.0036101083032490976,6.1685386,3.4296255,5.0,32.051414,1.0028772,0.03966503,0.421,1.1045401,R4-R5,,2026-02-13 10:48:44
R8,20260309104509,347,0.50903285,0.04956774,0.42087993,0.67896605,1.0,soja,0.9963503649635036,0.0,0.0,0.0,0.0036496350364963502,29.821665,1.9101516,24.677147,37.22348,1.0234789,0.03888247,0.402,1.0684355,R6-R8,,2026-03-09 10:45:09
R9,20240224104842,831,0.2461993,0.05947924,0.1309563,0.5927849,2.0,maiz,0.0,0.9987878787878788,0.0,0.0,0.0012121212121212121,43.770924,2.699751,25.538307,45.0,2.3290155,0.34537035,0.112,3.6619506,R4-R5,29.0,2024-02-24 10:48:42
R9,20240412104852,831,0.24003439,0.06032316,0.15116669,0.6262064,2.0,maiz,0.0,0.9987937273823885,0.0,0.0,0.0012062726176115801,43.266674,2.5586324,24.82063,45.0,2.3491206,0.32567507,0.128,3.67341,R4-R5,30.0,2024-04-12 10:48:52
R9,20240530104851,827,0.1716471,0.10637222,0.10523312,0.8696535,1.0,maiz,0.0,0.8526570048309179,0.0,0.1461352657004831,0.0012077294685990338,34.5,3.8234794,19.195803,44.224174,2.6961062,1.2204481,0.012911454,4.985887,R4-R5,25.0,2024-05-30 10:48:51
R9,20240717104848,826,0.2974303,0.1648976,0.13194332,0.9874411,2.0,rastrojo,0.0,0.0,0.025362318840579712,0.9698067632850241,0.0036231884057971015,16.313227,7.690535,8.250366,43.4,0.031836875,0.07948615,0.01088901,0.82197315,Alt : 0.04,22.0,2024-07-17 10:48:48
R9,20241021104852,823,0.16874754,0.13033408,0.107434966,0.78906745,2.0,rastrojo,0.0,0.0,0.004878048780487805,0.9939024390243902,0.0012195121951219512,23.702356,2.7900476,15.8,37.399574,0.025799168,0.10144577,0.01015773,1.5541526,Alt : 0.04,23.0,2024-10-21 10:48:52
R9,20241119103913,831,0.23495117,0.12250956,0.1484533,0.8330339,2.0,rastrojo,0.0,0.0,0.0,0.9937810945273632,0.006218905472636816,13.645916,3.54807,5.5,25.100744,0.023306835,0.035273656,0.013621547,0.435,Alt : 0.05,27.0,2024-11-19 10:39:13
R9,20241208104848,824,0.44441783,0.103493884,0.23484686,0.93345654,1.0,soja,0.6147342995169082,0.12077294685990338,0.0,0.2632850241545894,0.0012077294685990338,20.039164,5.25655,6.601295,32.066372,0.828605,0.60357696,0.01464861,3.0379348,R1-R3,29.0,2024-12-08 10:48:48
R9,20250125104846,825,0.5291997,0.08606171,0.2148996,0.80691105,2.0,maiz,0.0,0.9951690821256038,0.0,0.0,0.0036231884057971015,17.692951,5.0107126,6.2,37.7,3.8981256,0.43039465,0.355,4.981581,R1-R3,27.0,2025-01-25 10:48:46
R9,20250314104848,828,0.60962546,0.13940051,0.24198197,1.1687628,1.0,soja,0.9818840579710145,0.014492753623188406,0.0,0.0,0.0036231884057971015,34.321564,3.5109885,22.689314,44.9,1.1100686,0.37183207,0.41,4.1623917,R6-R8,30.0,2025-03-14 10:48:48
R9,20250501104843,827,0.19942456,0.17857094,0.12064484,1.040985,2.0,rastrojo,0.0,0.0,0.0,0.9975874547647768,0.0024125452352231603,21.927235,5.9113216,12.09113,41.82582,0.022082742,0.06448201,0.010291318,0.9132915,Alt : 0.04,26.0,2025-05-01 10:48:43
R9,20250805104843,629,0.017797306,0.0897895,0.006817214,0.55937284,2.0,rastrojo,0.0,0.0,0.0,0.9948364888123924,0.0051635111876075735,35.0,11.094681,13.255899,45.0,0.089764595,0.09957531,0.0100276,0.9164088,Alt : 0.15,22.0,2025-08-05 10:48:43
R9,20250922104848,826,0.026336536,0.14008677,0.01229491,0.8038149,2.0,rastrojo,0.0,0.0,0.0,0.9987893462469734,0.0012106537530266344,35.786263,11.188174,15.0,45.0,0.09045293,0.12509331,0.01216919,0.968594,Alt : 0.15,19.0,2025-09-22 10:48:48
R9,20251101104513,837,0.038768414,0.12369857,0.022048173,0.84302044,1.0,trigo,0.0,0.0,0.5375153751537516,0.45633456334563344,0.004920049200492005,39.367348,6.4011335,15.0,45.0,0.7923204,0.68255025,0.012895223,1.5438547,<Z50,,2025-11-01 10:45:13
R9,20251109104851,829,0.027190631,0.11276993,0.01268058,0.5956081,2.0,rastrojo,0.0,0.0,0.10801393728222997,0.8745644599303136,0.013937282229965157,28.420357,9.399126,15.0,45.0,0.20171665,0.4396288,0.011522512,1.5522331,Alt : 0.14,,2025-11-09 10:48:51
R9,20251117104510,839,0.043550447,0.10224328,0.027365163,0.6941444,2.0,rastrojo,0.0,0.0,0.0,0.9987163029525032,0.0012836970474967907,35.0,8.738616,15.0,45.0,0.03450979,0.08133591,0.012285215,0.8873113,Alt : 0.13,,2025-11-17 10:45:10
R9,20251227104850,831,0.043176558,0.1584073,0.022449143,0.95240414,3.0,rastrojo,0.029141104294478526,0.15644171779141106,0.0,0.8128834355828221,0.0015337423312883436,37.210335,8.246229,5.8011975,45.0,0.34390154,0.63681114,0.011720922,2.5600345,Alt : 0.04,29.0,2025-12-27 10:48:50
R9,20260213104844,813,0.32778037,0.13555557,0.10533976,0.844641,1.0,soja,0.9538653366583542,0.04239401496259352,0.0,0.0,0.0024937655860349127,28.593422,4.9402275,6.012302,45.0,1.0922524,0.3852617,0.377,3.4195652,R1-R3,,2026-02-13 10:48:44
R9,20260309104509,835,0.42648354,0.10492271,0.13190275,0.76936686,1.0,soja,0.8759036144578313,0.12289156626506025,0.0,0.0,0.0012048192771084338,28.932405,5.816871,6.933654,45.0,1.334158,0.8514435,0.424,4.3649325,R6-R8,,2026-03-09 10:45:09
